specimen,cycle,cycle_raw,crack_mm,source,note
T1,50000,50000,0.0,Description_T1.xlsx!Sheet1,
T1,60000,60000,2.18,Description_T1.xlsx!Sheet1,
T1,62500,62500,2.76,Description_T1.xlsx!Sheet1,
T1,65500,65500,3.51,Description_T1.xlsx!Sheet1,
T1,69025,69025,4.51,Description_T1.xlsx!Sheet1,
T1,70026,70026,4.9,Description_T1.xlsx!Sheet1,
T1,70766,70766,7.46,Description_T1.xlsx!Sheet1,
T2,50000,50000,0.0,Description_T2.xlsx!Sheet1,
T2,70033,70033,3.25,Description_T2.xlsx!Sheet1,
T2,72000,72000,4.95,Description_T2.xlsx!Sheet1,
T3,14000,14000,0.0,Description_T3.xlsx!Sheet1,
T3,50000,50000,0.0,Description_T3.xlsx!Sheet1,
T3,57038,57038,2.57,Description_T3.xlsx!Sheet1,
T3,60035,60035,4.02,Description_T3.xlsx!Sheet1,
T3,62017,62017,4.72,Description_T3.xlsx!Sheet1,
T3,64019,64019,5.49,Description_T3.xlsx!Sheet1,
T3,65029,65029,5.9,Description_T3.xlsx!Sheet1,
T3,66012,66012,6.52,Description_T3.xlsx!Sheet1,
T3,66510,66510,6.93,Description_T3.xlsx!Sheet1,
T4,55900,55900,0.0,Description_T4.xlsx!Sheet1,
T4,60200,60200,1.61,Description_T4.xlsx!Sheet1,
T4,65001,65001,2.17,Description_T4.xlsx!Sheet1,
T4,67054,7054,2.74,Description_T4.xlsx!Sheet1,"cycle_typo: raw 7054 -> 67054 (decimal suffix match, 唯一配对)"
T4,70016,70016,3.13,Description_T4.xlsx!Sheet1,
T4,71130,71130,4.06,Description_T4.xlsx!Sheet1,
T4,73210,73210,4.96,Description_T4.xlsx!Sheet1,
T4,75045,75045,7.24,Description_T4.xlsx!Sheet1,
T5,42000,42000,0.0,Description_T5.xlsx!Sheet1,
T5,46000,46000,0.0,Description_T5.xlsx!Sheet1,
T5,51000,51000,2.7,Description_T5.xlsx!Sheet1,
T5,56000,56000,3.64,Description_T5.xlsx!Sheet1,
T6,0,0,0.0,Description_T6.xlsx!Sheet1,no_waveform_at_this_cycle
T6,55000,55000,0.0,Description_T6.xlsx!Sheet1,
T6,60078,60078,0.82,Description_T6.xlsx!Sheet1,
T6,68091,68091,2.36,Description_T6.xlsx!Sheet1,
T6,69018,69018,3.36,Description_T6.xlsx!Sheet1,
T6,72516,72516,4.65,Description_T6.xlsx!Sheet1,
T6,73211,73211,5.08,Description_T6.xlsx!Sheet1,
T7,36001,36001,0.0,Description_T7.xlsx!Sheet1,
T7,40167,40167,0.0,Description_T7.xlsx!Sheet1,
T7,44054,44054,2.07,Description_T7.xlsx!Sheet1,
T7,47022,47022,3.14,Description_T7.xlsx!Sheet1,
T7,49026,49026,3.56,Description_T7.xlsx!Sheet1,no_waveform_at_this_cycle
T7,51030,51030,4.13,Description_T7.xlsx!Sheet1,no_waveform_at_this_cycle
T7,53019,53019,5.05,Description_T7.xlsx!Sheet1,no_waveform_at_this_cycle
T7,55031,55031,7.22,Description_T7.xlsx!Sheet1,no_waveform_at_this_cycle
T8,40000,40000,0.0,Description_T8.xlsx!Sheet1,
T8,50000,50000,0.0,Description_T8.xlsx!Sheet1,
T8,70000,70000,0.0,Description_T8.xlsx!Sheet1,
T8,74883,74883,1.94,Description_T8.xlsx!Sheet1,
T8,76931,76931,2.5,Description_T8.xlsx!Sheet1,
T8,89237,89237,3.71,Description_T8.xlsx!Sheet1,no_waveform_at_this_cycle
T8,92315,92315,3.88,Description_T8.xlsx!Sheet1,no_waveform_at_this_cycle
T8,96475,96475,4.61,Description_T8.xlsx!Sheet1,no_waveform_at_this_cycle
T8,98492,98492,4.96,Description_T8.xlsx!Sheet1,no_waveform_at_this_cycle
T8,100774,100774,5.52,Description_T8.xlsx!Sheet1,no_waveform_at_this_cycle
